title,url,description,comment,tags
3Blue1Brown,https://www.youtube.com/channel/UCYO_jab_esuFRV4b17AJtAw,"3Blue1Brown, by Grant Sanderson, is some combination of math and entertainment, depending on your disposition. The goal is for explanations to be driven by a...",,
12 Parsecs,https://www.youtube.com/channel/UCkMsSGlEMPRxhqvGj6qeucQ,"Bienvenue sur la chaine de l'√† peu pr√®s...Parce que tout ce que je raconte, on va dire que c'est √† peu pr√®s √ßa...",,
Ahoy,https://www.youtube.com/channel/UCE1jXbVAGJQEORz9nZqb5bQ,Insightful gaming videos.,,
ANALEPSE,https://www.youtube.com/channel/UCDB2qWL_20CgNC22fgPz00w,"Analepse vous propose de revenir sur un personnage, un √©v√®nement, un contexte historique au travers d'≈ìuvres artistiques et culturelles.Romans, bandes dessin...",,
Ascl√©pios,https://www.youtube.com/channel/UCDqEttzOpPbDoeC05HRPPDQ,"La M√©decine √† l'ancienne, genre... Vraiment √† l'ancienne",,
AstronoGeek,https://www.youtube.com/channel/UC5X4e8ScZI2AFd_vkjSoyoQ,"AstronoGeek, c'est une cha√Æne d√©di√©e √† la vulgarisation de l'astronomie. Bordel de merde.",,
Ave'Roes,https://www.youtube.com/channel/UCMGzPGJMKKDjnproamSIC1A,"Romain, alias Ave‚ÄôRoes.5 ans √† √©tudier l‚Äôhistoire (surtout m√©di√©vale !).Je vous aide √† comprendre r√©ellement l‚Äôislam et l‚Äôhistoire arabo-musulmane‚Ä¶ au-del√† d...",,
Bazar du Grenier,https://www.youtube.com/channel/UCCMxHHciWRBBouzk-PGzmtQ,"La cha√Æne ""fourre tout"" du grenier ! - Cin√©ma- Jeux de r√¥les- Let's play- Reviews de jeux !",,
Bismuth,https://www.youtube.com/channel/UCQ9STd0zeHrrQGJQEuvhuTw,World record and tool-assisted speedrun explanations,,
Bolchegeek,https://www.youtube.com/channel/UCEfpbmshpf-G90fGLla73kA,"La cha√Æne Bolchegeek aborde la culture populaire sous des angles artistiques, sociaux et politiques.Cinoche, BD, s√©ries, bouquins ou jeux vid√©o : on s'interr...",,
Calmos,https://www.youtube.com/channel/UCYBr8enT5x4-JIxcPY6y-_A,"Calmos c‚Äôest une cha√Æne YouTube, un podcast, et une foule d‚Äôautres petites choses pour les gens bien comme vous qui aimez le cin√©ma.√áa s'appelle Calmos parce...",,
CGP Grey,https://www.youtube.com/channel/UC2C_jShtL725hvbm1arSV9w,"Share your videos with friends, family, and the world",,
Chat Sceptique,https://www.youtube.com/channel/UCOuIgj0CYCXCvjWywjDbauw,"Chat Sceptique est un projet belge de vulgarisation scientifique sur YouTube ax√© sur les stats, les maths et l'esprit critique... avec en vedette des petits ...",,
Cody'sLab,https://www.youtube.com/channel/UCu6mSoMNzHQiBIOCkHUa2Aw,"Aright everyone Cody here!Welcome to my channel! I simply post videos with science, bees, and anything else that I am working on. Enjoy!If you need to get in...",,
Confessions d'Histoire,https://www.youtube.com/channel/UCzj9-ZfpJ74vYv1RZzAWTVg,"Enfin, il √©tait temps de donner directement la parole aux grands personnages historiques pour qu'ils nous donnent leur point de vue sur les √©v√©nements marqua...",,
Curiosity Catalyst,https://www.youtube.com/channel/UCg47pIhBRJbz52-ABnm0uxw,Un regard sceptique sur le monde.Membre du Caf√© des sciences .Toutes les vid√©os de la cha√Æne Curiosity Catalyst sont sous licence Cr√©ative Common : CC-BY-NC-SA,,
Data Gueule,https://www.youtube.com/channel/UCm5wThREh298TkK8hCT9HuA,"Chaque jour, nous sommes bombard√©s par des milliers de mol√©cules d'information. Des faits, des noms, des chiffres qui s'empilent et se percutent sans que, po...",,
Deerstalker Pictures,https://www.youtube.com/channel/UCEqT_Q5_ijLOcVv930jSimg,"New videos every Wednesday! Making 1 For All, an original fantasy comedy webseries. Check out our live-action cosplay short films and skits from popular vide...",,
Deus Ex Silicium,https://www.youtube.com/channel/UCH6ppHEvV3_WIXEwmhv9HEg,"DEUS EX SILICIUM est une chaine francophone dont la th√©matique principale est l'√©lectronique num√©rique, et plus particuli√®rement autour des semiconducteurs e...",,
Diable Positif,https://www.youtube.com/channel/UCI_FnSJPNGd3Y3IL0PwD-NQ,"D√©couvrons ensemble comment rendre la vie sur Terre encore plus pourrie qu'elle ne l'est d√©j√† voulez-vous ?Ensemble, nous allons √©tudier diff√©rents proc√©d√©s ...",,
driving 4 answers,https://www.youtube.com/channel/UCwosUnVH6AINmxtqkNJ3Fbg,"Let's learn, build and explore the amazing world of mechanics, engines, cars and bikes",,
e-penser,https://www.youtube.com/channel/UCcziTK2NKeWtWQ6kB5tmQ8Q,"Ici, je parle de ce dont j'ai envie de parler quoi qu'en pense la plate-forme :)Retrouvez ici les nouvelles vid√©os e-penser (√† partir de 2022),  ainsi que le...",,
ElectroBOOM,https://www.youtube.com/channel/UCJ0-OtVpF0wOKEqT2Z1HEtA,"Want to subconsciously learn while being entertained? Then subscribe!!  My videos are also available on Odysee in the link below, in case YouTube decides to ...",,
El Jj,https://www.youtube.com/channel/UCgkhWgBGRp0sdFy2MHDWfSg,"Mais si ! C'est la cha√Æne avec des vid√©os de maths ! Des fois, √ßa va un peu vite, du coup, j'ai pas tout bien compris.contact : contact.eljj@gmail.com",,
Enfants de l'Est,https://www.youtube.com/channel/UCfqYDo0XQC3tgkt7rs1-NqQ,"Une balala√Øka dans une main, une bouteille de vodka dans l'autre - c'est ainsi que chez les Enfants de l'Est nous combattons les clich√©s.Rejoignez notre chal...",,
Esquive la Boule de Feu,https://www.youtube.com/channel/UCYPwq5uafGQrr4PW8GQRxew,"Cha√Æne d'analyse de game design sur des jeux divers et vari√©s, avec des touches d'humour et parfois de commentaire politique quand le sujet s'y pr√™te. Le for...",,
Et tout le monde s'en fout,https://www.youtube.com/channel/UC-2EkisRV8h9KsHpslQ1gXA,"Notre monde est stup√©fiant et mal barr√©, et √ßa nous fait saigner du nez. Et si on arr√™tait de s'en foutre ?Web s√©rie bi-mensuelle alternant toutes les deux s...",,
Fabien Campaner,https://www.youtube.com/channel/UCn2odfT6D4WPg4y-zRIgU5g,"Diverses √©missions sur le cin√©ma dans lesquelles j'analyse des films qui m'ont marqu√©s pour de bonnes ou de mauvaises raisons, avec de l'humour dedans :- Le ...",,
Fouloscopie,https://www.youtube.com/channel/UCLXDNUOO3EQ80VmD9nQBHPg,"D√©couvrez la fouloscopie ‚Äì la science du comportement des foules : paniques, mouvement de foule, propagation de rumeurs, r√©seaux sociaux, intelligence collec...",,
Fran√ßois Descraques,https://www.youtube.com/channel/UCpJWP5_DNPdIhrJIpRkZPoA,"R√©alisateur / Sc√©nariste. J'ai cr√©√© cette cha√Æne principalement pour mon feuilleton audio ""Myst√®res √† St-Jacut"".Mes faits d'armes : Le Visiteur du Futur, la ...",,
Half as Interesting,https://www.youtube.com/channel/UCuCkxoKLYO_EQ2GeFtbM_bw,Education-y explainer videos that are almost good enough to watch.,,
Herodot'com,https://www.youtube.com/channel/UCWWzB99AURYo2KLzCReWqmA,"Salut Camarades!Laissez-moi vous montrer l'Histoire de fond en comble, avec de gros bouquins, des vannes moisies, de grosses bibliographies, des r√©f√©rences l...",,
Heu?reka,https://www.youtube.com/channel/UC7sXGI8p8PvKosLWagkK9wQ,Vous ne comprenez rien √† la finance et √† l'√©conomie ? Vous √™tes au bon endroit !Les √©pisodes sont √©crits comme des dialogues entre deux personnages afin de p...,,
Histoire Appliqu√©e,https://www.youtube.com/channel/UCcT7B4zCzrfywO2Q19OJIzA,"Une cha√Æne o√π l'on teste l'Histoire, et on la rend vivante ! Parce que si l'Histoire se raconte elle peut aussi s'exp√©rimenter et se vivre... Alors on va en ...",,
horizon-gull,https://www.youtube.com/channel/UCGeFgMJfWclTWuPw8Ok5FUQ,"Cha√Æne officielle du site ""Hacking social"" ( https://www.hacking-social.com/ )Pour nous soutenir : https://fr.tipeee.com/hacking-socialhttps://liberapay.com/...",,
Hygi√®ne Mentale,https://www.youtube.com/channel/UCMFcMhePnH4onVHt2-ItPZw,"""Si on avait un vrai syst√®me √©ducatif dans ce pays, on y donnerait des cours d'Autod√©fense-Intellectuelle""Z√©t√©tique , Scepticisme, Etude scientifique des ph√©...",,
Hypallage,https://www.youtube.com/channel/UCsZ1CqyrMoadedIBuKl1nyw,"J'analyse des ≈ìuvres de fictions diverses, ou plut√¥t je partage ce que j'ai compris de leur construction et ce qui m'a fait les aimer.",,
"J'm'√©nerve pas, j'explique",https://www.youtube.com/channel/UC1Ue7TuX3iH4y8-Qrjj-hyg,"Physique, Histoire des sciences et quasi-blagounettes",,
Joueur Du Grenier,https://www.youtube.com/channel/UC_yP2DpIgs5Y1uWC0T03Chw,Test de jeux √† la con !,,
Kurzgesagt ‚Äì In a Nutshell,https://www.youtube.com/channel/UCsXVk37bltHxD1rDPwtNM8Q,"Animation videos explaining things with optimistic nihilism since 12,013.We‚Äôre a team of illustrators, animators, number crunchers and one dog who aim to spa...",,
L'Histoire par les cartes,https://www.youtube.com/channel/UCQ3ZULRPs2T-hlCBd9-1vtA,Je r√©alise de animations cartographiques. L‚Äôobjectif de mes vid√©os est de donner de courtes introductions (+/- 5minutes) sur divers sujets historiques. Vous ...,,
L'Histoire trouve toujours un chemin,https://www.youtube.com/channel/UChD5UkL8LtcLk_D0-obwW8w,"Ici on parle d'Histoire, on est s√©rieux sur les faits, moins sur le reste.Membre du label H√©rodote. https://label-herodote.com/Disclaimer : L'objectivit√© tot...",,
La Manie Du Cin√©ma,https://www.youtube.com/channel/UCJVtE8BwsjVxt6W-lTA-8sA,"How about I show you behind the scenes of the movie world?Anecdotes, small and big stories of the 7th Art, hidden references, let‚Äôs sneak behind the big scre...",,
Lanterne Cosmique,https://www.youtube.com/channel/UCWYxQt9Y3y2CDzXLf2K7xCA,"De l'hypercuriosit√©, des questions et de la Science. Notre Univers est badass.",,
Le Fossoyeur de Films,https://www.youtube.com/channel/UCwbV8cTR4yBgFdfa_BXV2OA,"Bienvenue sur cette cha√Æne o√π l'on va explorer les myst√®res du cin√©ma, voyager et ne pas oublier de prendre un bon caf√© au passage.Le visuel du bandeau est s...",,
LegalEagle,https://www.youtube.com/channel/UCpa-Zb0ZcQjTCPP1Dx_1M8Q,Do you want to know how our legal system works?  You‚Äôve come to the right place.  LegalEagle is all about giving you an insider‚Äôs view to the legal system.  ...,,
Le monde en cartes,https://www.youtube.com/channel/UCYA_ElxMgkJlvcKa4SM0dOg,Cette cha√Æne a pour but de traiter diff√©rents sujets par le prisme de la cartographie.,,
Le Point Genius,https://www.youtube.com/channel/UCXO8f8SAVP02zSAxnSvtYHw,"""L'intelligence vient du latin intellegere, relier les choses entre elles. L'idiot dit qu'il voit pas le rapport‚Ä¶.""Cha√Æne consacr√©e aux g√©nies en tout genre ...",,
Le R√©veilleur,https://www.youtube.com/channel/UC1EacOJoqsKaYxaDomTCTEQ,"Les √©l√©ments scientifiques disponibles m'ont convaincu que les probl√®mes environnementaux (changement climatique, √©rosion de la biodiversit√©... etc) vont con...",,
Les Revues du Monde,https://www.youtube.com/channel/UCnf0fDz1vTYW-sl36wbVMbg,"Les Revues du Monde - √âmission culturelle sur l'arch√©ologie, l'Histoire, l'Anthropologie, les d√©couvertes.Je suis Charlie Danger, je r√©alise, √©cris et pr√©sen...",,
le Stagirite,https://www.youtube.com/channel/UCtyONQLs6htK-wWiCAk4wVw,Ma cha√Æne elle est bien.Les messages par ici : lestagirite.topoi(at)gmail.com,,
Le Vortex,https://www.youtube.com/channel/UCZxLew-WXWm5dhRZBgEFl-Q,"Bienvenue dans le Vortex !Une colocation pour les m√©langer tous, une colocation pour les √©couter tous, une colocation pour apprendre de tous et dans le Vorte...",,
Linguisticae,https://www.youtube.com/channel/UCofQxJWd4qkqc7ZgaLkZfcw,Une expression qui te turlupine? Un mot √©trange dont tu ne connais pas l'origine? Tu t'int√©resses aux Sciences du Langage mais les d√©clinaisons ne sont pas t...,,
LinksTheSun,https://www.youtube.com/channel/UCfXXAQ-mp1uUcvSpvMcAAtw,"Bienvenue sur la cha√Æne de LinksTheSun, des Points Culture, des critiques de paroles de chansons, des r√©sum√©s de film, des chansons, des parodies et plein d'...",,
Mathieu Sommet,https://www.youtube.com/channel/UCCpwMG0qZkr62FNZktfcvYg,"Vid√©aste ind√©pendant depuis 2011. En ce moment, je bosse sur ma nouvelle √©mission : ¬´ OVNI ¬ª",,
Mediapart,https://www.youtube.com/channel/UCdnaDhU-LDQrIEEmSIfq0-Q,"Journal d'information num√©rique, ind√©pendant et participatif. Seuls nos lecteurs peuvent nous acheter.Depuis 2008, Mediapart s‚Äôest fait conna√Ætre par ses inf...",,
Meeea,https://www.youtube.com/channel/UCEEi1rclmzywXicV7JfPjWw,"On y cause adaptations, Comics, Cin√©ma et Jeux vid√©o.En plus c'est gratos.Seal Of Quality SINCE 2010",,
META,https://www.youtube.com/channel/UCUOgJaic4p3kwuN7LDJ5ukA,"META est une cha√Æne de philosophie, anim√©e par Jim Gabaret et C√©line Marty, dont le but est de populariser les grandes th√®ses classiques et contemporaines de...",,
Micka√´l Launay,https://www.youtube.com/channel/UC4PasDd25MXqlXBogBw9CAg,"La cha√Æne Micmaths vous propose diverses vid√©os autour des math√©matiques. Vous y trouverez des cours de maths, des jeux de logique, des chroniques ou encore ...",,
minutephysics,https://www.youtube.com/channel/UCUHW94eEFW7hkUMVaZz4eDg,"Simply put: cool physics and other sweet science.""If you can't explain it simply, you don't understand it well enough.""~Rutherford via Einstein? (wikiquote)C...",,
MisterJDay,https://www.youtube.com/channel/UC2uPHgyyLv2rnkm4CfIgWcw,Analyses de clips / Analyses de pubs / Culture Tube / Vid√©os randomBy Gael K. / M. Connard / JDay / Kama / Hardisk / Paniac,,
Modern Vintage Gamer,https://www.youtube.com/channel/UCjFaPUcJU1vwk193mnW_w1w,"I love Modern, I love Retro.Tech, Hardware, Gaming",,
monsieur bidouille,https://www.youtube.com/channel/UCSULDz1yaHLVQWHpm4g_GHA,"Vid√©aste sp√©cialis√© vulgarisation technique, DIY, r√©seau et √©nergie.Pour tous contact, veuillez passer par le formulaire sur mon site : http://monsieurbidoui...",,
Monsieur Phi,https://www.youtube.com/channel/UCqA8H22FwgBVcF3GJpp0MQw,"Docteur en philosophie, ce qui ne soigne pas grand chose. üìö Mon livre ""Curiosit√©s philosophiques, de Platon √† Russell"" : https://amzn.to/3hIshrw üéß La versi...",,
Mr. Sam - Point d'interrogation,https://www.youtube.com/channel/UCh2YBKhYIy-_LtfCIn2Jycg,Mr.Sam - Prenons soin de la M√âTHODE avec laquelle on se met des trucs dans le cr√¢ne.LES √âMISSIONSFake ? ‚Ä¢ Que penser d'un sujet lorsqu'on y applique les m√©th...,,
NEXUS VI,https://www.youtube.com/channel/UC8-UThnwzBI5ApzVG4MY7VQ,Embarquez √† bord du Nexus VI et suivez le Capitaine ainsi que son √©quipage aux quatre coins de la Galaxie pour votre chronique sp√©cialis√©e dans la Science-Fi...,,
NileRed,https://www.youtube.com/channel/UCFhXFikryT4aFcLkLw2LBLA,"Capturing the natural beauty of chemistryI find that chemistry is often taught poorly or without a purpose. Because of this, people tend to lose interest and...",,
Officiel DEFAKATOR,https://www.youtube.com/channel/UCU0FhLr6fr7U9GOn6OiQHpQ,"On d√©fake sur les fakes. Et que l'obscurantisme retourne √† l'obscurit√© !Defakator est un super h√©ros. Du coup il porte un costume, avec un masque et une cape...",,
OLYDRI,https://www.youtube.com/channel/UCdHXMcWxwZr2qQpdCCOcSkw,"NOOB est un univers √©tendu sur le th√®me du MMORPG. Il s'agit d'une licence transm√©dia existant en web-s√©rie, bande dessin√©e, roman, light novel, manga, jeu v...",,
OverSimplified,https://www.youtube.com/channel/UCNIuvl7V8zACPpTmmNIqP2A,Explaining things in an OverSimplified way,,
pannenkoek2012,https://www.youtube.com/channel/UCMm211NGh4Ls5SAMZJF7E8A,I make videos about Super Mario 64.,,
Passe-Science,https://www.youtube.com/channel/UCsz9DiwPtgDvxJ-njWnieZw,"Cha√Æne de vulgarisation scientifique: physique, math√©matiques et informatique. Un niveau de vulgarisation avanc√© pour approfondir ce que vous aurez pu d√©j√† e...",,
Pass√© sauvage,https://www.youtube.com/channel/UCLhOJJbPciPdocXTaAk2SdA,Arch√©ologie I Anthropologie I HistoireS√©rie documentaire Odyss√©e sauvage.,,
Primitive Technology,https://www.youtube.com/channel/UCAL3JXZSzSm8AlZyD3nQdBA,Primitive technology is a hobby where you build things in the wild completely from scratch using no modern tools or materials. These are the strict rules: If...,,
Primum Non Nocere,https://www.youtube.com/channel/UC9BnGZLT4iPaJtDOXYwQuHQ,"Salut √† toi internaute !Bienvenu sur Primum Non NocereJe suis Primum et accompagn√© de mon Doppelganger Doppel, on va essayer de te parler de m√©decine autreme...",,
Questions d'Histoire,https://www.youtube.com/channel/UCCGRtSqLfljpX9mzCYDsQIg,Questions d‚ÄôHistoire est une chaine de vulgarisation historique traitant de nombreuses th√©matiques et probl√©matiques. Plusieurs formats sont d√©velopp√©s.Histo...,,
ratelrock,https://www.youtube.com/channel/UCaVWxVObKsthKR92x6bz7zA,"Une tasse √† caf√© en col√®re qui parle de films, souvent de mauvais films, mais de films avant tout!",,
Real Engineering,https://www.youtube.com/channel/UCR1IuLEqb6UEA_zQ81kwXfg,Interesting answers to simple questions.,,
RealLifeLore,https://www.youtube.com/channel/UCP5tjEmvPItGyLhmjdwP7Ww,Answers to questions that you've never asked. Welcome to the RealLifeLore communityPlease subscribe and ring the bellBusiness Email: reallifelore@standard.tv,,
Retro Game Mechanics Explained,https://www.youtube.com/channel/UCwRqWnW5ZkVaP_lZF7caZ-g,"A YouTube channel about video games & programming. For inquiries, please visit inquiries.rgmechex.com.",,
ScienceClic,https://www.youtube.com/channel/UCV6uM3y-8TeO7JlCtcEN-Bg,"D'o√π venons-nous ? Dans quel monde vivons nous ? En quelques minutes, d√©couvrez et comprenez les th√©ories scientifiques les plus complexes, √† la base du cosm...",,
Science de comptoir,https://www.youtube.com/channel/UCE_LWXcsdp7cWbo4DR4ZA-A,‚öí De la g√©ologie (n')en veux-tu (pas) en voil√† (quand m√™me) !Vous √™tes-vous d√©j√† demand√© pourquoi l√©cher un caillou ? Comment se forme le sable ? Comment per...,,
ScienceEtonnante,https://www.youtube.com/channel/UCaNlbnghtwlsGF-KzAFThqA,"Des vid√©os pour raconter la science √©tonnante, amusante, passionnante et stup√©fiante !Retrouvez moi aussi sur mon blog ""Science √©tonnante"" http://sciencetonn...",,
Simplex Pal√©o,https://www.youtube.com/channel/UCej7tmvtZ_ex9dZE-ZYS0EQ,L'√©volution des esp√®ces √† travers les p√©riodes g√©ologiques...,,
Spirit Of The Law,https://www.youtube.com/channel/UChzLZJo-SxuPHz-oYKAIC_g,Age of Empires 2 Youtuber,,
StudioUha,https://www.youtube.com/channel/UCkjJda7HO1WVVhUsMrDmYuA,"Studio Uha!, ce sont deux fiers larrons shoot√©s √† la vid√©o qui vont vous botter le cul √† coups de micro-s√©ries chatoyantes.Retrouvez-nous sur www.facebook.co...",,
Stupid Economics,https://www.youtube.com/channel/UCyJDHgrsUKuWLe05GvC2lng,"Stupid Economics is a French-speaking YouTube channel of journalism and economic popularization, interpreted by Arnaud and produced by Valentin.",,
Sur le champ,https://www.youtube.com/channel/UCiWrr_SnP8eK-_9yJWFzbEA,Le cha√Æne Sur le Champ est une cha√Æne de vulgarisation de l'histoire de la guerre. A travers des batailles ou des campagnes historiques dont nous explorons l...,,
Techniques Spatiales,https://www.youtube.com/channel/UCwf-gTeemly9VOVALdBXiTw,Chaine de curiosit√© scientifique sur les technologies spatiales.,,
Technology Connections,https://www.youtube.com/channel/UCy0tKL1T7wFoYcxCe0xjN6Q,"Share your videos with friends, family, and the world",,
The 8-Bit Guy,https://www.youtube.com/channel/UC8uT9cgJorJPWu7ITLGo9Ww,"A computer video series focusing mainly on retro technology from the 80s, 90s and 2000s. However, once or twice a year I'll create something totally ""out the...",,
The Sciencoder,https://www.youtube.com/channel/UC1zVvHsRsvxInUMX4dfIyAQ,The Unbolter. Bient√¥t.Mail pro : thesciencoder@harydprod.com,,
The Urban Doctor,https://www.youtube.com/channel/UC33WWpCRHft51iEV2hVcRzQ,Ever wonder why people daydream of European towns? Or why your city's core isn't bustling with energy like New York? The answers probably have something to d...,,
Tzitzimitl - Esprit Critique,https://www.youtube.com/channel/UC0yPCUmdMZIGtnxSnx5_ifA,Esprit Critique est une cha√Æne pour d√©velopper bah... votre esprit critique.On y fait de la vulgarisation/r√©fl√©xion politico-philosophico-historico-scientifi...,,
UnDropDansLaMare,https://www.youtube.com/channel/UCbq4WwLfbhRxvyVYOTYU25g,"Le site UnDropDansLaMare est l'interlocuteur de ceux qui souhaitent parler du jeu vid√©o s√©rieusement. Nous vous proposons nos r√©flexions et nos r√©ponses, vou...",,
Une bi√®re et Jivay,https://www.youtube.com/channel/UCwzxu1j19ICnfW5zrBvUw-w,"La bi√®re, comme vous ne l'avez jamais bue !",,
Veritasium,https://www.youtube.com/channel/UCHnyfMqiRRG1u-2MsSQLbXA,"An element of truth - videos about science, education, and anything else I find interesting.",,
Vous Avez Le Droit,https://www.youtube.com/channel/UCynBu7PDfJsCXeCSqT1QUQw,"La justice est quelque chose de trop s√©rieux pour la laisser aux juristes !Je ne dis pas que des conneries, j'en filme √©galement : des formats courts qui vul...",,
Wendover Productions,https://www.youtube.com/channel/UC9RM-iSvTu1uPJb8X5yp3EQ,"Wendover Productions is all about explaining how our world works. From travel, to economics, to geography, to marketing and more, every video will leave you ...",,
